{
  "ABIRoot": {
    "kind": "Root",
    "name": "TopLevel",
    "printedName": "TopLevel",
    "children": [
      {
        "kind": "Import",
        "name": "Foundation",
        "printedName": "Foundation",
        "declKind": "Import",
        "moduleName": "LinkedinAudienceNetwork"
      },
      {
        "kind": "Import",
        "name": "_LinkedinAudienceNetworkCoreInternal",
        "printedName": "_LinkedinAudienceNetworkCoreInternal",
        "declKind": "Import",
        "moduleName": "LinkedinAudienceNetwork",
        "declAttributes": [
          "ImplementationOnly"
        ]
      },
      {
        "kind": "Import",
        "name": "_LinkedinAudienceNetworkExperimentationInternal",
        "printedName": "_LinkedinAudienceNetworkExperimentationInternal",
        "declKind": "Import",
        "moduleName": "LinkedinAudienceNetwork",
        "declAttributes": [
          "ImplementationOnly"
        ]
      },
      {
        "kind": "Import",
        "name": "_LinkedinAudienceNetworkIdentityInternal",
        "printedName": "_LinkedinAudienceNetworkIdentityInternal",
        "declKind": "Import",
        "moduleName": "LinkedinAudienceNetwork",
        "declAttributes": [
          "ImplementationOnly"
        ]
      },
      {
        "kind": "Import",
        "name": "_LinkedinAudienceNetworkCoreInternal",
        "printedName": "_LinkedinAudienceNetworkCoreInternal",
        "declKind": "Import",
        "moduleName": "LinkedinAudienceNetwork",
        "declAttributes": [
          "ImplementationOnly"
        ]
      },
      {
        "kind": "Import",
        "name": "Foundation",
        "printedName": "Foundation",
        "declKind": "Import",
        "moduleName": "LinkedinAudienceNetwork"
      },
      {
        "kind": "Import",
        "name": "Foundation",
        "printedName": "Foundation",
        "declKind": "Import",
        "moduleName": "LinkedinAudienceNetwork"
      },
      {
        "kind": "TypeDecl",
        "name": "LogVerbosityConfiguration",
        "printedName": "LogVerbosityConfiguration",
        "children": [
          {
            "kind": "Var",
            "name": "none",
            "printedName": "none",
            "children": [
              {
                "kind": "TypeFunc",
                "name": "Function",
                "printedName": "(LinkedinAudienceNetwork.LogVerbosityConfiguration.Type) -> LinkedinAudienceNetwork.LogVerbosityConfiguration",
                "children": [
                  {
                    "kind": "TypeNominal",
                    "name": "LogVerbosityConfiguration",
                    "printedName": "LinkedinAudienceNetwork.LogVerbosityConfiguration",
                    "usr": "c:@M@LinkedinAudienceNetwork@E@LILogVerbosityConfiguration"
                  },
                  {
                    "kind": "TypeNominal",
                    "name": "Metatype",
                    "printedName": "LinkedinAudienceNetwork.LogVerbosityConfiguration.Type",
                    "children": [
                      {
                        "kind": "TypeNominal",
                        "name": "LogVerbosityConfiguration",
                        "printedName": "LinkedinAudienceNetwork.LogVerbosityConfiguration",
                        "usr": "c:@M@LinkedinAudienceNetwork@E@LILogVerbosityConfiguration"
                      }
                    ]
                  }
                ]
              }
            ],
            "declKind": "EnumElement",
            "usr": "c:@M@LinkedinAudienceNetwork@E@LILogVerbosityConfiguration@LILogVerbosityConfigurationNone",
            "mangledName": "$s23LinkedinAudienceNetwork25LogVerbosityConfigurationO4noneyA2CmF",
            "moduleName": "LinkedinAudienceNetwork",
            "declAttributes": [
              "RawDocComment",
              "ObjC"
            ],
            "fixedbinaryorder": 0
          },
          {
            "kind": "Var",
            "name": "errors",
            "printedName": "errors",
            "children": [
              {
                "kind": "TypeFunc",
                "name": "Function",
                "printedName": "(LinkedinAudienceNetwork.LogVerbosityConfiguration.Type) -> LinkedinAudienceNetwork.LogVerbosityConfiguration",
                "children": [
                  {
                    "kind": "TypeNominal",
                    "name": "LogVerbosityConfiguration",
                    "printedName": "LinkedinAudienceNetwork.LogVerbosityConfiguration",
                    "usr": "c:@M@LinkedinAudienceNetwork@E@LILogVerbosityConfiguration"
                  },
                  {
                    "kind": "TypeNominal",
                    "name": "Metatype",
                    "printedName": "LinkedinAudienceNetwork.LogVerbosityConfiguration.Type",
                    "children": [
                      {
                        "kind": "TypeNominal",
                        "name": "LogVerbosityConfiguration",
                        "printedName": "LinkedinAudienceNetwork.LogVerbosityConfiguration",
                        "usr": "c:@M@LinkedinAudienceNetwork@E@LILogVerbosityConfiguration"
                      }
                    ]
                  }
                ]
              }
            ],
            "declKind": "EnumElement",
            "usr": "c:@M@LinkedinAudienceNetwork@E@LILogVerbosityConfiguration@LILogVerbosityConfigurationErrors",
            "mangledName": "$s23LinkedinAudienceNetwork25LogVerbosityConfigurationO6errorsyA2CmF",
            "moduleName": "LinkedinAudienceNetwork",
            "declAttributes": [
              "RawDocComment",
              "ObjC"
            ],
            "fixedbinaryorder": 1
          },
          {
            "kind": "Var",
            "name": "all",
            "printedName": "all",
            "children": [
              {
                "kind": "TypeFunc",
                "name": "Function",
                "printedName": "(LinkedinAudienceNetwork.LogVerbosityConfiguration.Type) -> LinkedinAudienceNetwork.LogVerbosityConfiguration",
                "children": [
                  {
                    "kind": "TypeNominal",
                    "name": "LogVerbosityConfiguration",
                    "printedName": "LinkedinAudienceNetwork.LogVerbosityConfiguration",
                    "usr": "c:@M@LinkedinAudienceNetwork@E@LILogVerbosityConfiguration"
                  },
                  {
                    "kind": "TypeNominal",
                    "name": "Metatype",
                    "printedName": "LinkedinAudienceNetwork.LogVerbosityConfiguration.Type",
                    "children": [
                      {
                        "kind": "TypeNominal",
                        "name": "LogVerbosityConfiguration",
                        "printedName": "LinkedinAudienceNetwork.LogVerbosityConfiguration",
                        "usr": "c:@M@LinkedinAudienceNetwork@E@LILogVerbosityConfiguration"
                      }
                    ]
                  }
                ]
              }
            ],
            "declKind": "EnumElement",
            "usr": "c:@M@LinkedinAudienceNetwork@E@LILogVerbosityConfiguration@LILogVerbosityConfigurationAll",
            "mangledName": "$s23LinkedinAudienceNetwork25LogVerbosityConfigurationO3allyA2CmF",
            "moduleName": "LinkedinAudienceNetwork",
            "declAttributes": [
              "RawDocComment",
              "ObjC"
            ],
            "fixedbinaryorder": 2
          },
          {
            "kind": "Var",
            "name": "description",
            "printedName": "description",
            "children": [
              {
                "kind": "TypeNominal",
                "name": "String",
                "printedName": "Swift.String",
                "usr": "s:SS"
              }
            ],
            "declKind": "Var",
            "usr": "s:23LinkedinAudienceNetwork25LogVerbosityConfigurationO11descriptionSSvp",
            "mangledName": "$s23LinkedinAudienceNetwork25LogVerbosityConfigurationO11descriptionSSvp",
            "moduleName": "LinkedinAudienceNetwork",
            "declAttributes": [
              "AccessControl"
            ],
            "accessors": [
              {
                "kind": "Accessor",
                "name": "Get",
                "printedName": "Get()",
                "children": [
                  {
                    "kind": "TypeNominal",
                    "name": "String",
                    "printedName": "Swift.String",
                    "usr": "s:SS"
                  }
                ],
                "declKind": "Accessor",
                "usr": "s:23LinkedinAudienceNetwork25LogVerbosityConfigurationO11descriptionSSvg",
                "mangledName": "$s23LinkedinAudienceNetwork25LogVerbosityConfigurationO11descriptionSSvg",
                "moduleName": "LinkedinAudienceNetwork",
                "accessorKind": "get"
              }
            ]
          },
          {
            "kind": "Constructor",
            "name": "init",
            "printedName": "init(rawValue:)",
            "children": [
              {
                "kind": "TypeNominal",
                "name": "Optional",
                "printedName": "LinkedinAudienceNetwork.LogVerbosityConfiguration?",
                "children": [
                  {
                    "kind": "TypeNominal",
                    "name": "LogVerbosityConfiguration",
                    "printedName": "LinkedinAudienceNetwork.LogVerbosityConfiguration",
                    "usr": "c:@M@LinkedinAudienceNetwork@E@LILogVerbosityConfiguration"
                  }
                ],
                "usr": "s:Sq"
              },
              {
                "kind": "TypeNominal",
                "name": "Int",
                "printedName": "Swift.Int",
                "usr": "s:Si"
              }
            ],
            "declKind": "Constructor",
            "usr": "s:23LinkedinAudienceNetwork25LogVerbosityConfigurationO8rawValueACSgSi_tcfc",
            "mangledName": "$s23LinkedinAudienceNetwork25LogVerbosityConfigurationO8rawValueACSgSi_tcfc",
            "moduleName": "LinkedinAudienceNetwork",
            "implicit": true,
            "init_kind": "Designated"
          },
          {
            "kind": "Var",
            "name": "rawValue",
            "printedName": "rawValue",
            "children": [
              {
                "kind": "TypeNominal",
                "name": "Int",
                "printedName": "Swift.Int",
                "usr": "s:Si"
              }
            ],
            "declKind": "Var",
            "usr": "s:23LinkedinAudienceNetwork25LogVerbosityConfigurationO8rawValueSivp",
            "mangledName": "$s23LinkedinAudienceNetwork25LogVerbosityConfigurationO8rawValueSivp",
            "moduleName": "LinkedinAudienceNetwork",
            "implicit": true,
            "accessors": [
              {
                "kind": "Accessor",
                "name": "Get",
                "printedName": "Get()",
                "children": [
                  {
                    "kind": "TypeNominal",
                    "name": "Int",
                    "printedName": "Swift.Int",
                    "usr": "s:Si"
                  }
                ],
                "declKind": "Accessor",
                "usr": "s:23LinkedinAudienceNetwork25LogVerbosityConfigurationO8rawValueSivg",
                "mangledName": "$s23LinkedinAudienceNetwork25LogVerbosityConfigurationO8rawValueSivg",
                "moduleName": "LinkedinAudienceNetwork",
                "implicit": true,
                "accessorKind": "get"
              }
            ]
          },
          {
            "kind": "Var",
            "name": "allCases",
            "printedName": "allCases",
            "children": [
              {
                "kind": "TypeNominal",
                "name": "Array",
                "printedName": "[LinkedinAudienceNetwork.LogVerbosityConfiguration]",
                "children": [
                  {
                    "kind": "TypeNominal",
                    "name": "LogVerbosityConfiguration",
                    "printedName": "LinkedinAudienceNetwork.LogVerbosityConfiguration",
                    "usr": "c:@M@LinkedinAudienceNetwork@E@LILogVerbosityConfiguration"
                  }
                ],
                "usr": "s:Sa"
              }
            ],
            "declKind": "Var",
            "usr": "s:23LinkedinAudienceNetwork25LogVerbosityConfigurationO8allCasesSayACGvpZ",
            "mangledName": "$s23LinkedinAudienceNetwork25LogVerbosityConfigurationO8allCasesSayACGvpZ",
            "moduleName": "LinkedinAudienceNetwork",
            "static": true,
            "implicit": true,
            "accessors": [
              {
                "kind": "Accessor",
                "name": "Get",
                "printedName": "Get()",
                "children": [
                  {
                    "kind": "TypeNominal",
                    "name": "Array",
                    "printedName": "[LinkedinAudienceNetwork.LogVerbosityConfiguration]",
                    "children": [
                      {
                        "kind": "TypeNominal",
                        "name": "LogVerbosityConfiguration",
                        "printedName": "LinkedinAudienceNetwork.LogVerbosityConfiguration",
                        "usr": "c:@M@LinkedinAudienceNetwork@E@LILogVerbosityConfiguration"
                      }
                    ],
                    "usr": "s:Sa"
                  }
                ],
                "declKind": "Accessor",
                "usr": "s:23LinkedinAudienceNetwork25LogVerbosityConfigurationO8allCasesSayACGvgZ",
                "mangledName": "$s23LinkedinAudienceNetwork25LogVerbosityConfigurationO8allCasesSayACGvgZ",
                "moduleName": "LinkedinAudienceNetwork",
                "static": true,
                "implicit": true,
                "accessorKind": "get"
              }
            ]
          }
        ],
        "declKind": "Enum",
        "usr": "c:@M@LinkedinAudienceNetwork@E@LILogVerbosityConfiguration",
        "mangledName": "$s23LinkedinAudienceNetwork25LogVerbosityConfigurationO",
        "moduleName": "LinkedinAudienceNetwork",
        "objc_name": "LILogVerbosityConfiguration",
        "declAttributes": [
          "AccessControl",
          "ObjC"
        ],
        "enumRawTypeName": "Int",
        "conformances": [
          {
            "kind": "Conformance",
            "name": "Equatable",
            "printedName": "Equatable",
            "usr": "s:SQ",
            "mangledName": "$sSQ"
          },
          {
            "kind": "Conformance",
            "name": "Hashable",
            "printedName": "Hashable",
            "usr": "s:SH",
            "mangledName": "$sSH"
          },
          {
            "kind": "Conformance",
            "name": "RawRepresentable",
            "printedName": "RawRepresentable",
            "children": [
              {
                "kind": "TypeWitness",
                "name": "RawValue",
                "printedName": "RawValue",
                "children": [
                  {
                    "kind": "TypeNominal",
                    "name": "Int",
                    "printedName": "Swift.Int",
                    "usr": "s:Si"
                  }
                ]
              }
            ],
            "usr": "s:SY",
            "mangledName": "$sSY"
          },
          {
            "kind": "Conformance",
            "name": "CaseIterable",
            "printedName": "CaseIterable",
            "children": [
              {
                "kind": "TypeWitness",
                "name": "AllCases",
                "printedName": "AllCases",
                "children": [
                  {
                    "kind": "TypeNominal",
                    "name": "Array",
                    "printedName": "[LinkedinAudienceNetwork.LogVerbosityConfiguration]",
                    "children": [
                      {
                        "kind": "TypeNominal",
                        "name": "LogVerbosityConfiguration",
                        "printedName": "LinkedinAudienceNetwork.LogVerbosityConfiguration",
                        "usr": "c:@M@LinkedinAudienceNetwork@E@LILogVerbosityConfiguration"
                      }
                    ],
                    "usr": "s:Sa"
                  }
                ]
              }
            ],
            "usr": "s:s12CaseIterableP",
            "mangledName": "$ss12CaseIterableP"
          },
          {
            "kind": "Conformance",
            "name": "CustomStringConvertible",
            "printedName": "CustomStringConvertible",
            "usr": "s:s23CustomStringConvertibleP",
            "mangledName": "$ss23CustomStringConvertibleP"
          }
        ]
      },
      {
        "kind": "Import",
        "name": "Foundation",
        "printedName": "Foundation",
        "declKind": "Import",
        "moduleName": "LinkedinAudienceNetwork"
      },
      {
        "kind": "Import",
        "name": "_LinkedinAudienceNetworkExperimentationInternal",
        "printedName": "_LinkedinAudienceNetworkExperimentationInternal",
        "declKind": "Import",
        "moduleName": "LinkedinAudienceNetwork",
        "declAttributes": [
          "ImplementationOnly"
        ]
      },
      {
        "kind": "Import",
        "name": "_LinkedinAudienceNetworkIdentityInternal",
        "printedName": "_LinkedinAudienceNetworkIdentityInternal",
        "declKind": "Import",
        "moduleName": "LinkedinAudienceNetwork",
        "declAttributes": [
          "ImplementationOnly"
        ]
      },
      {
        "kind": "Import",
        "name": "_LinkedinAudienceNetworkCoreInternal",
        "printedName": "_LinkedinAudienceNetworkCoreInternal",
        "declKind": "Import",
        "moduleName": "LinkedinAudienceNetwork",
        "declAttributes": [
          "ImplementationOnly"
        ]
      },
      {
        "kind": "TypeDecl",
        "name": "AudienceNetwork",
        "printedName": "AudienceNetwork",
        "children": [
          {
            "kind": "Function",
            "name": "clearPersistedData",
            "printedName": "clearPersistedData()",
            "children": [
              {
                "kind": "TypeNominal",
                "name": "Void",
                "printedName": "()"
              }
            ],
            "declKind": "Func",
            "usr": "c:@M@LinkedinAudienceNetwork@objc(cs)LIAudienceNetwork(cm)clearPersistedData",
            "mangledName": "$s23LinkedinAudienceNetwork0bC0C18clearPersistedDatayyFZ",
            "moduleName": "LinkedinAudienceNetwork",
            "static": true,
            "declAttributes": [
              "Final",
              "AccessControl",
              "RawDocComment",
              "ObjC"
            ],
            "funcSelfKind": "NonMutating"
          },
          {
            "kind": "Var",
            "name": "bidderToken",
            "printedName": "bidderToken",
            "children": [
              {
                "kind": "TypeNominal",
                "name": "String",
                "printedName": "Swift.String",
                "usr": "s:SS"
              }
            ],
            "declKind": "Var",
            "usr": "c:@M@LinkedinAudienceNetwork@objc(cs)LIAudienceNetwork(cpy)bidderToken",
            "mangledName": "$s23LinkedinAudienceNetwork0bC0C11bidderTokenSSvpZ",
            "moduleName": "LinkedinAudienceNetwork",
            "static": true,
            "declAttributes": [
              "Final",
              "AccessControl",
              "RawDocComment",
              "ObjC"
            ],
            "accessors": [
              {
                "kind": "Accessor",
                "name": "Get",
                "printedName": "Get()",
                "children": [
                  {
                    "kind": "TypeNominal",
                    "name": "String",
                    "printedName": "Swift.String",
                    "usr": "s:SS"
                  }
                ],
                "declKind": "Accessor",
                "usr": "c:@M@LinkedinAudienceNetwork@objc(cs)LIAudienceNetwork(cm)bidderToken",
                "mangledName": "$s23LinkedinAudienceNetwork0bC0C11bidderTokenSSvgZ",
                "moduleName": "LinkedinAudienceNetwork",
                "static": true,
                "declAttributes": [
                  "Final",
                  "ObjC"
                ],
                "accessorKind": "get"
              }
            ]
          },
          {
            "kind": "Var",
            "name": "sdkVersion",
            "printedName": "sdkVersion",
            "children": [
              {
                "kind": "TypeNominal",
                "name": "String",
                "printedName": "Swift.String",
                "usr": "s:SS"
              }
            ],
            "declKind": "Var",
            "usr": "c:@M@LinkedinAudienceNetwork@objc(cs)LIAudienceNetwork(cpy)sdkVersion",
            "mangledName": "$s23LinkedinAudienceNetwork0bC0C10sdkVersionSSvpZ",
            "moduleName": "LinkedinAudienceNetwork",
            "static": true,
            "declAttributes": [
              "Final",
              "AccessControl",
              "RawDocComment",
              "ObjC"
            ],
            "accessors": [
              {
                "kind": "Accessor",
                "name": "Get",
                "printedName": "Get()",
                "children": [
                  {
                    "kind": "TypeNominal",
                    "name": "String",
                    "printedName": "Swift.String",
                    "usr": "s:SS"
                  }
                ],
                "declKind": "Accessor",
                "usr": "c:@M@LinkedinAudienceNetwork@objc(cs)LIAudienceNetwork(cm)sdkVersion",
                "mangledName": "$s23LinkedinAudienceNetwork0bC0C10sdkVersionSSvgZ",
                "moduleName": "LinkedinAudienceNetwork",
                "static": true,
                "declAttributes": [
                  "Final",
                  "ObjC"
                ],
                "accessorKind": "get"
              }
            ]
          },
          {
            "kind": "Function",
            "name": "start",
            "printedName": "start(with:completion:)",
            "children": [
              {
                "kind": "TypeNominal",
                "name": "Void",
                "printedName": "()"
              },
              {
                "kind": "TypeNominal",
                "name": "String",
                "printedName": "Swift.String",
                "usr": "s:SS"
              },
              {
                "kind": "TypeNominal",
                "name": "Optional",
                "printedName": "((Swift.Error?) -> ())?",
                "children": [
                  {
                    "kind": "TypeFunc",
                    "name": "Function",
                    "printedName": "(Swift.Error?) -> ()",
                    "children": [
                      {
                        "kind": "TypeNominal",
                        "name": "Void",
                        "printedName": "()"
                      },
                      {
                        "kind": "TypeNominal",
                        "name": "Optional",
                        "printedName": "Swift.Error?",
                        "children": [
                          {
                            "kind": "TypeNominal",
                            "name": "Error",
                            "printedName": "Swift.Error",
                            "usr": "s:s5ErrorP"
                          }
                        ],
                        "usr": "s:Sq"
                      }
                    ]
                  }
                ],
                "usr": "s:Sq"
              }
            ],
            "declKind": "Func",
            "usr": "c:@M@LinkedinAudienceNetwork@objc(cs)LIAudienceNetwork(cm)startWithKey:completion:",
            "mangledName": "$s23LinkedinAudienceNetwork0bC0C5start4with10completionySS_ys5Error_pSgcSgtFZ",
            "moduleName": "LinkedinAudienceNetwork",
            "static": true,
            "objc_name": "startWithKey:completion:",
            "declAttributes": [
              "Final",
              "AccessControl",
              "ObjC",
              "RawDocComment"
            ],
            "funcSelfKind": "NonMutating"
          },
          {
            "kind": "Function",
            "name": "start",
            "printedName": "start(with:completion:)",
            "children": [
              {
                "kind": "TypeNominal",
                "name": "Void",
                "printedName": "()"
              },
              {
                "kind": "TypeNominal",
                "name": "AudienceNetworkConfiguration",
                "printedName": "LinkedinAudienceNetwork.AudienceNetworkConfiguration",
                "usr": "c:@M@LinkedinAudienceNetwork@objc(cs)LIAudienceNetworkConfiguration"
              },
              {
                "kind": "TypeNominal",
                "name": "Optional",
                "printedName": "((Swift.Error?) -> ())?",
                "children": [
                  {
                    "kind": "TypeFunc",
                    "name": "Function",
                    "printedName": "(Swift.Error?) -> ()",
                    "children": [
                      {
                        "kind": "TypeNominal",
                        "name": "Void",
                        "printedName": "()"
                      },
                      {
                        "kind": "TypeNominal",
                        "name": "Optional",
                        "printedName": "Swift.Error?",
                        "children": [
                          {
                            "kind": "TypeNominal",
                            "name": "Error",
                            "printedName": "Swift.Error",
                            "usr": "s:s5ErrorP"
                          }
                        ],
                        "usr": "s:Sq"
                      }
                    ]
                  }
                ],
                "usr": "s:Sq"
              }
            ],
            "declKind": "Func",
            "usr": "c:@M@LinkedinAudienceNetwork@objc(cs)LIAudienceNetwork(cm)startWithConfiguration:completion:",
            "mangledName": "$s23LinkedinAudienceNetwork0bC0C5start4with10completionyAA0bC13ConfigurationC_ys5Error_pSgcSgtFZ",
            "moduleName": "LinkedinAudienceNetwork",
            "static": true,
            "objc_name": "startWithConfiguration:completion:",
            "declAttributes": [
              "Final",
              "AccessControl",
              "ObjC",
              "RawDocComment"
            ],
            "funcSelfKind": "NonMutating"
          }
        ],
        "declKind": "Class",
        "usr": "c:@M@LinkedinAudienceNetwork@objc(cs)LIAudienceNetwork",
        "mangledName": "$s23LinkedinAudienceNetwork0bC0C",
        "moduleName": "LinkedinAudienceNetwork",
        "objc_name": "LIAudienceNetwork",
        "declAttributes": [
          "AccessControl",
          "ObjCMembers",
          "ObjC",
          "RawDocComment"
        ],
        "superclassUsr": "c:objc(cs)NSObject",
        "hasMissingDesignatedInitializers": true,
        "inheritsConvenienceInitializers": true,
        "superclassNames": [
          "ObjectiveC.NSObject"
        ],
        "conformances": [
          {
            "kind": "Conformance",
            "name": "Equatable",
            "printedName": "Equatable",
            "usr": "s:SQ",
            "mangledName": "$sSQ"
          },
          {
            "kind": "Conformance",
            "name": "Hashable",
            "printedName": "Hashable",
            "usr": "s:SH",
            "mangledName": "$sSH"
          },
          {
            "kind": "Conformance",
            "name": "CVarArg",
            "printedName": "CVarArg",
            "usr": "s:s7CVarArgP",
            "mangledName": "$ss7CVarArgP"
          },
          {
            "kind": "Conformance",
            "name": "_KeyValueCodingAndObservingPublishing",
            "printedName": "_KeyValueCodingAndObservingPublishing",
            "usr": "s:10Foundation37_KeyValueCodingAndObservingPublishingP",
            "mangledName": "$s10Foundation37_KeyValueCodingAndObservingPublishingP"
          },
          {
            "kind": "Conformance",
            "name": "_KeyValueCodingAndObserving",
            "printedName": "_KeyValueCodingAndObserving",
            "usr": "s:10Foundation27_KeyValueCodingAndObservingP",
            "mangledName": "$s10Foundation27_KeyValueCodingAndObservingP"
          },
          {
            "kind": "Conformance",
            "name": "CustomStringConvertible",
            "printedName": "CustomStringConvertible",
            "usr": "s:s23CustomStringConvertibleP",
            "mangledName": "$ss23CustomStringConvertibleP"
          },
          {
            "kind": "Conformance",
            "name": "CustomDebugStringConvertible",
            "printedName": "CustomDebugStringConvertible",
            "usr": "s:s28CustomDebugStringConvertibleP",
            "mangledName": "$ss28CustomDebugStringConvertibleP"
          }
        ]
      },
      {
        "kind": "Import",
        "name": "Foundation",
        "printedName": "Foundation",
        "declKind": "Import",
        "moduleName": "LinkedinAudienceNetwork"
      },
      {
        "kind": "TypeDecl",
        "name": "AudienceNetworkConfiguration",
        "printedName": "AudienceNetworkConfiguration",
        "children": [
          {
            "kind": "Var",
            "name": "logVerbosity",
            "printedName": "logVerbosity",
            "children": [
              {
                "kind": "TypeNominal",
                "name": "LogVerbosityConfiguration",
                "printedName": "LinkedinAudienceNetwork.LogVerbosityConfiguration",
                "usr": "c:@M@LinkedinAudienceNetwork@E@LILogVerbosityConfiguration"
              }
            ],
            "declKind": "Var",
            "usr": "c:@M@LinkedinAudienceNetwork@objc(cs)LIAudienceNetworkConfiguration(py)logVerbosity",
            "mangledName": "$s23LinkedinAudienceNetwork0bC13ConfigurationC12logVerbosityAA03LogfD0Ovp",
            "moduleName": "LinkedinAudienceNetwork",
            "declAttributes": [
              "HasInitialValue",
              "HasStorage",
              "AccessControl",
              "RawDocComment",
              "ObjC"
            ],
            "hasStorage": true,
            "accessors": [
              {
                "kind": "Accessor",
                "name": "Get",
                "printedName": "Get()",
                "children": [
                  {
                    "kind": "TypeNominal",
                    "name": "LogVerbosityConfiguration",
                    "printedName": "LinkedinAudienceNetwork.LogVerbosityConfiguration",
                    "usr": "c:@M@LinkedinAudienceNetwork@E@LILogVerbosityConfiguration"
                  }
                ],
                "declKind": "Accessor",
                "usr": "c:@M@LinkedinAudienceNetwork@objc(cs)LIAudienceNetworkConfiguration(im)logVerbosity",
                "mangledName": "$s23LinkedinAudienceNetwork0bC13ConfigurationC12logVerbosityAA03LogfD0Ovg",
                "moduleName": "LinkedinAudienceNetwork",
                "implicit": true,
                "declAttributes": [
                  "ObjC"
                ],
                "accessorKind": "get"
              },
              {
                "kind": "Accessor",
                "name": "Set",
                "printedName": "Set()",
                "children": [
                  {
                    "kind": "TypeNominal",
                    "name": "Void",
                    "printedName": "()"
                  },
                  {
                    "kind": "TypeNominal",
                    "name": "LogVerbosityConfiguration",
                    "printedName": "LinkedinAudienceNetwork.LogVerbosityConfiguration",
                    "usr": "c:@M@LinkedinAudienceNetwork@E@LILogVerbosityConfiguration"
                  }
                ],
                "declKind": "Accessor",
                "usr": "c:@M@LinkedinAudienceNetwork@objc(cs)LIAudienceNetworkConfiguration(im)setLogVerbosity:",
                "mangledName": "$s23LinkedinAudienceNetwork0bC13ConfigurationC12logVerbosityAA03LogfD0Ovs",
                "moduleName": "LinkedinAudienceNetwork",
                "implicit": true,
                "declAttributes": [
                  "ObjC"
                ],
                "accessorKind": "set"
              },
              {
                "kind": "Accessor",
                "name": "Modify",
                "printedName": "Modify()",
                "children": [
                  {
                    "kind": "TypeNominal",
                    "name": "Void",
                    "printedName": "()"
                  }
                ],
                "declKind": "Accessor",
                "usr": "s:23LinkedinAudienceNetwork0bC13ConfigurationC12logVerbosityAA03LogfD0OvM",
                "mangledName": "$s23LinkedinAudienceNetwork0bC13ConfigurationC12logVerbosityAA03LogfD0OvM",
                "moduleName": "LinkedinAudienceNetwork",
                "implicit": true,
                "accessorKind": "_modify"
              }
            ]
          },
          {
            "kind": "Var",
            "name": "diagnosticDataCollectionEnabled",
            "printedName": "diagnosticDataCollectionEnabled",
            "children": [
              {
                "kind": "TypeNominal",
                "name": "Bool",
                "printedName": "Swift.Bool",
                "usr": "s:Sb"
              }
            ],
            "declKind": "Var",
            "usr": "c:@M@LinkedinAudienceNetwork@objc(cs)LIAudienceNetworkConfiguration(py)diagnosticDataCollectionEnabled",
            "mangledName": "$s23LinkedinAudienceNetwork0bC13ConfigurationC31diagnosticDataCollectionEnabledSbvp",
            "moduleName": "LinkedinAudienceNetwork",
            "declAttributes": [
              "HasInitialValue",
              "HasStorage",
              "AccessControl",
              "RawDocComment",
              "ObjC"
            ],
            "hasStorage": true,
            "accessors": [
              {
                "kind": "Accessor",
                "name": "Get",
                "printedName": "Get()",
                "children": [
                  {
                    "kind": "TypeNominal",
                    "name": "Bool",
                    "printedName": "Swift.Bool",
                    "usr": "s:Sb"
                  }
                ],
                "declKind": "Accessor",
                "usr": "c:@M@LinkedinAudienceNetwork@objc(cs)LIAudienceNetworkConfiguration(im)diagnosticDataCollectionEnabled",
                "mangledName": "$s23LinkedinAudienceNetwork0bC13ConfigurationC31diagnosticDataCollectionEnabledSbvg",
                "moduleName": "LinkedinAudienceNetwork",
                "implicit": true,
                "declAttributes": [
                  "ObjC"
                ],
                "accessorKind": "get"
              },
              {
                "kind": "Accessor",
                "name": "Set",
                "printedName": "Set()",
                "children": [
                  {
                    "kind": "TypeNominal",
                    "name": "Void",
                    "printedName": "()"
                  },
                  {
                    "kind": "TypeNominal",
                    "name": "Bool",
                    "printedName": "Swift.Bool",
                    "usr": "s:Sb"
                  }
                ],
                "declKind": "Accessor",
                "usr": "c:@M@LinkedinAudienceNetwork@objc(cs)LIAudienceNetworkConfiguration(im)setDiagnosticDataCollectionEnabled:",
                "mangledName": "$s23LinkedinAudienceNetwork0bC13ConfigurationC31diagnosticDataCollectionEnabledSbvs",
                "moduleName": "LinkedinAudienceNetwork",
                "implicit": true,
                "declAttributes": [
                  "ObjC"
                ],
                "accessorKind": "set"
              },
              {
                "kind": "Accessor",
                "name": "Modify",
                "printedName": "Modify()",
                "children": [
                  {
                    "kind": "TypeNominal",
                    "name": "Void",
                    "printedName": "()"
                  }
                ],
                "declKind": "Accessor",
                "usr": "s:23LinkedinAudienceNetwork0bC13ConfigurationC31diagnosticDataCollectionEnabledSbvM",
                "mangledName": "$s23LinkedinAudienceNetwork0bC13ConfigurationC31diagnosticDataCollectionEnabledSbvM",
                "moduleName": "LinkedinAudienceNetwork",
                "implicit": true,
                "accessorKind": "_modify"
              }
            ]
          },
          {
            "kind": "Constructor",
            "name": "init",
            "printedName": "init(key:)",
            "children": [
              {
                "kind": "TypeNominal",
                "name": "AudienceNetworkConfiguration",
                "printedName": "LinkedinAudienceNetwork.AudienceNetworkConfiguration",
                "usr": "c:@M@LinkedinAudienceNetwork@objc(cs)LIAudienceNetworkConfiguration"
              },
              {
                "kind": "TypeNominal",
                "name": "String",
                "printedName": "Swift.String",
                "usr": "s:SS"
              }
            ],
            "declKind": "Constructor",
            "usr": "c:@M@LinkedinAudienceNetwork@objc(cs)LIAudienceNetworkConfiguration(im)initWithKey:",
            "mangledName": "$s23LinkedinAudienceNetwork0bC13ConfigurationC3keyACSS_tcfc",
            "moduleName": "LinkedinAudienceNetwork",
            "declAttributes": [
              "AccessControl",
              "RawDocComment",
              "ObjC"
            ],
            "init_kind": "Designated"
          }
        ],
        "declKind": "Class",
        "usr": "c:@M@LinkedinAudienceNetwork@objc(cs)LIAudienceNetworkConfiguration",
        "mangledName": "$s23LinkedinAudienceNetwork0bC13ConfigurationC",
        "moduleName": "LinkedinAudienceNetwork",
        "objc_name": "LIAudienceNetworkConfiguration",
        "declAttributes": [
          "AccessControl",
          "ObjCMembers",
          "ObjC",
          "RawDocComment"
        ],
        "superclassUsr": "c:objc(cs)NSObject",
        "hasMissingDesignatedInitializers": true,
        "inheritsConvenienceInitializers": true,
        "superclassNames": [
          "ObjectiveC.NSObject"
        ],
        "conformances": [
          {
            "kind": "Conformance",
            "name": "Equatable",
            "printedName": "Equatable",
            "usr": "s:SQ",
            "mangledName": "$sSQ"
          },
          {
            "kind": "Conformance",
            "name": "Hashable",
            "printedName": "Hashable",
            "usr": "s:SH",
            "mangledName": "$sSH"
          },
          {
            "kind": "Conformance",
            "name": "CVarArg",
            "printedName": "CVarArg",
            "usr": "s:s7CVarArgP",
            "mangledName": "$ss7CVarArgP"
          },
          {
            "kind": "Conformance",
            "name": "_KeyValueCodingAndObservingPublishing",
            "printedName": "_KeyValueCodingAndObservingPublishing",
            "usr": "s:10Foundation37_KeyValueCodingAndObservingPublishingP",
            "mangledName": "$s10Foundation37_KeyValueCodingAndObservingPublishingP"
          },
          {
            "kind": "Conformance",
            "name": "_KeyValueCodingAndObserving",
            "printedName": "_KeyValueCodingAndObserving",
            "usr": "s:10Foundation27_KeyValueCodingAndObservingP",
            "mangledName": "$s10Foundation27_KeyValueCodingAndObservingP"
          },
          {
            "kind": "Conformance",
            "name": "CustomStringConvertible",
            "printedName": "CustomStringConvertible",
            "usr": "s:s23CustomStringConvertibleP",
            "mangledName": "$ss23CustomStringConvertibleP"
          },
          {
            "kind": "Conformance",
            "name": "CustomDebugStringConvertible",
            "printedName": "CustomDebugStringConvertible",
            "usr": "s:s28CustomDebugStringConvertibleP",
            "mangledName": "$ss28CustomDebugStringConvertibleP"
          }
        ]
      },
      {
        "kind": "Import",
        "name": "Foundation",
        "printedName": "Foundation",
        "declKind": "Import",
        "moduleName": "LinkedinAudienceNetwork"
      },
      {
        "kind": "Import",
        "name": "_LinkedinAudienceNetworkCoreInternal",
        "printedName": "_LinkedinAudienceNetworkCoreInternal",
        "declKind": "Import",
        "moduleName": "LinkedinAudienceNetwork",
        "declAttributes": [
          "ImplementationOnly"
        ]
      },
      {
        "kind": "Import",
        "name": "_LinkedinAudienceNetworkExperimentationInternal",
        "printedName": "_LinkedinAudienceNetworkExperimentationInternal",
        "declKind": "Import",
        "moduleName": "LinkedinAudienceNetwork",
        "declAttributes": [
          "ImplementationOnly"
        ]
      },
      {
        "kind": "Import",
        "name": "_LinkedinAudienceNetworkIdentityInternal",
        "printedName": "_LinkedinAudienceNetworkIdentityInternal",
        "declKind": "Import",
        "moduleName": "LinkedinAudienceNetwork",
        "declAttributes": [
          "ImplementationOnly"
        ]
      }
    ],
    "json_format_version": 8
  },
  "ConstValues": [
    {
      "filePath": "\/Users\/runner\/work\/audience-network-ios\/audience-network-ios\/main\/Modules\/LinkedinAudienceNetwork\/Private\/AudienceNetworkClient.swift",
      "kind": "BooleanLiteral",
      "offset": 335,
      "length": 5,
      "value": "false"
    },
    {
      "filePath": "\/Users\/runner\/work\/audience-network-ios\/audience-network-ios\/main\/Modules\/LinkedinAudienceNetwork\/Public\/LogVerbosityConfiguration.swift",
      "kind": "IntegerLiteral",
      "offset": 271,
      "length": 6,
      "value": "1"
    },
    {
      "filePath": "\/Users\/runner\/work\/audience-network-ios\/audience-network-ios\/main\/Modules\/LinkedinAudienceNetwork\/Public\/LogVerbosityConfiguration.swift",
      "kind": "IntegerLiteral",
      "offset": 356,
      "length": 3,
      "value": "2"
    },
    {
      "filePath": "\/Users\/runner\/work\/audience-network-ios\/audience-network-ios\/main\/Modules\/LinkedinAudienceNetwork\/Public\/LogVerbosityConfiguration.swift",
      "kind": "IntegerLiteral",
      "offset": 271,
      "length": 6,
      "value": "1"
    },
    {
      "filePath": "\/Users\/runner\/work\/audience-network-ios\/audience-network-ios\/main\/Modules\/LinkedinAudienceNetwork\/Public\/LogVerbosityConfiguration.swift",
      "kind": "IntegerLiteral",
      "offset": 356,
      "length": 3,
      "value": "2"
    },
    {
      "filePath": "\/Users\/runner\/work\/audience-network-ios\/audience-network-ios\/main\/Modules\/LinkedinAudienceNetwork\/Private\/BidderToken.swift",
      "kind": "StringLiteral",
      "offset": 1028,
      "length": 4,
      "value": "\"v2\""
    },
    {
      "filePath": "\/Users\/runner\/work\/audience-network-ios\/audience-network-ios\/main\/Modules\/LinkedinAudienceNetwork\/Private\/BidderToken.swift",
      "kind": "StringLiteral",
      "offset": 1862,
      "length": 5,
      "value": "\"ver\""
    },
    {
      "filePath": "\/Users\/runner\/work\/audience-network-ios\/audience-network-ios\/main\/Modules\/LinkedinAudienceNetwork\/Private\/BidderToken.swift",
      "kind": "StringLiteral",
      "offset": 1894,
      "length": 6,
      "value": "\"sdkv\""
    },
    {
      "filePath": "\/Users\/runner\/work\/audience-network-ios\/audience-network-ios\/main\/Modules\/LinkedinAudienceNetwork\/Private\/BidderToken.swift",
      "kind": "StringLiteral",
      "offset": 1929,
      "length": 6,
      "value": "\"mdlv\""
    },
    {
      "filePath": "\/Users\/runner\/work\/audience-network-ios\/audience-network-ios\/main\/Modules\/LinkedinAudienceNetwork\/Private\/BidderToken.swift",
      "kind": "StringLiteral",
      "offset": 1971,
      "length": 6,
      "value": "\"data\""
    },
    {
      "filePath": "\/Users\/runner\/work\/audience-network-ios\/audience-network-ios\/main\/Modules\/LinkedinAudienceNetwork\/Private\/BidderToken.swift",
      "kind": "StringLiteral",
      "offset": 2018,
      "length": 6,
      "value": "\"blti\""
    },
    {
      "filePath": "\/Users\/runner\/work\/audience-network-ios\/audience-network-ios\/main\/Modules\/LinkedinAudienceNetwork\/Private\/BidderToken.swift",
      "kind": "StringLiteral",
      "offset": 1862,
      "length": 5,
      "value": "\"ver\""
    },
    {
      "filePath": "\/Users\/runner\/work\/audience-network-ios\/audience-network-ios\/main\/Modules\/LinkedinAudienceNetwork\/Private\/BidderToken.swift",
      "kind": "StringLiteral",
      "offset": 1894,
      "length": 6,
      "value": "\"sdkv\""
    },
    {
      "filePath": "\/Users\/runner\/work\/audience-network-ios\/audience-network-ios\/main\/Modules\/LinkedinAudienceNetwork\/Private\/BidderToken.swift",
      "kind": "StringLiteral",
      "offset": 1929,
      "length": 6,
      "value": "\"mdlv\""
    },
    {
      "filePath": "\/Users\/runner\/work\/audience-network-ios\/audience-network-ios\/main\/Modules\/LinkedinAudienceNetwork\/Private\/BidderToken.swift",
      "kind": "StringLiteral",
      "offset": 1971,
      "length": 6,
      "value": "\"data\""
    },
    {
      "filePath": "\/Users\/runner\/work\/audience-network-ios\/audience-network-ios\/main\/Modules\/LinkedinAudienceNetwork\/Private\/BidderToken.swift",
      "kind": "StringLiteral",
      "offset": 2018,
      "length": 6,
      "value": "\"blti\""
    },
    {
      "filePath": "\/Users\/runner\/work\/audience-network-ios\/audience-network-ios\/main\/Modules\/LinkedinAudienceNetwork\/Public\/AudienceNetwork.swift",
      "kind": "StringLiteral",
      "offset": 803,
      "length": 51,
      "value": "\"com.linkedin.audience.network.backgroundWorkQueue\""
    },
    {
      "filePath": "\/Users\/runner\/work\/audience-network-ios\/audience-network-ios\/main\/Modules\/LinkedinAudienceNetwork\/Public\/AudienceNetworkConfiguration.swift",
      "kind": "BooleanLiteral",
      "offset": 638,
      "length": 4,
      "value": "true"
    }
  ]
}