{
  "ABIRoot": {
    "kind": "Root",
    "name": "TopLevel",
    "printedName": "TopLevel",
    "children": [
      {
        "kind": "TypeDecl",
        "name": "ExperimentationBidderTokenContext",
        "printedName": "ExperimentationBidderTokenContext",
        "children": [
          {
            "kind": "Var",
            "name": "brandLiftTestImpressions",
            "printedName": "brandLiftTestImpressions",
            "children": [
              {
                "kind": "TypeNominal",
                "name": "Optional",
                "printedName": "[_LinkedinAudienceNetworkExperimentationInternal.BrandLiftTestImpression]?",
                "children": [
                  {
                    "kind": "TypeNominal",
                    "name": "Array",
                    "printedName": "[_LinkedinAudienceNetworkExperimentationInternal.BrandLiftTestImpression]",
                    "children": [
                      {
                        "kind": "TypeNominal",
                        "name": "BrandLiftTestImpression",
                        "printedName": "_LinkedinAudienceNetworkExperimentationInternal.BrandLiftTestImpression",
                        "usr": "s:47_LinkedinAudienceNetworkExperimentationInternal23BrandLiftTestImpressionV"
                      }
                    ],
                    "usr": "s:Sa"
                  }
                ],
                "usr": "s:Sq"
              }
            ],
            "declKind": "Var",
            "usr": "s:47_LinkedinAudienceNetworkExperimentationInternal0D18BidderTokenContextV24brandLiftTestImpressionsSayAA05BrandjK10ImpressionVGSgvp",
            "mangledName": "$s47_LinkedinAudienceNetworkExperimentationInternal0D18BidderTokenContextV24brandLiftTestImpressionsSayAA05BrandjK10ImpressionVGSgvp",
            "moduleName": "_LinkedinAudienceNetworkExperimentationInternal",
            "declAttributes": [
              "HasStorage",
              "AccessControl",
              "RawDocComment"
            ],
            "isLet": true,
            "hasStorage": true,
            "accessors": [
              {
                "kind": "Accessor",
                "name": "Get",
                "printedName": "Get()",
                "children": [
                  {
                    "kind": "TypeNominal",
                    "name": "Optional",
                    "printedName": "[_LinkedinAudienceNetworkExperimentationInternal.BrandLiftTestImpression]?",
                    "children": [
                      {
                        "kind": "TypeNominal",
                        "name": "Array",
                        "printedName": "[_LinkedinAudienceNetworkExperimentationInternal.BrandLiftTestImpression]",
                        "children": [
                          {
                            "kind": "TypeNominal",
                            "name": "BrandLiftTestImpression",
                            "printedName": "_LinkedinAudienceNetworkExperimentationInternal.BrandLiftTestImpression",
                            "usr": "s:47_LinkedinAudienceNetworkExperimentationInternal23BrandLiftTestImpressionV"
                          }
                        ],
                        "usr": "s:Sa"
                      }
                    ],
                    "usr": "s:Sq"
                  }
                ],
                "declKind": "Accessor",
                "usr": "s:47_LinkedinAudienceNetworkExperimentationInternal0D18BidderTokenContextV24brandLiftTestImpressionsSayAA05BrandjK10ImpressionVGSgvg",
                "mangledName": "$s47_LinkedinAudienceNetworkExperimentationInternal0D18BidderTokenContextV24brandLiftTestImpressionsSayAA05BrandjK10ImpressionVGSgvg",
                "moduleName": "_LinkedinAudienceNetworkExperimentationInternal",
                "implicit": true,
                "accessorKind": "get"
              }
            ]
          },
          {
            "kind": "Constructor",
            "name": "init",
            "printedName": "init(from:)",
            "children": [
              {
                "kind": "TypeNominal",
                "name": "ExperimentationBidderTokenContext",
                "printedName": "_LinkedinAudienceNetworkExperimentationInternal.ExperimentationBidderTokenContext",
                "usr": "s:47_LinkedinAudienceNetworkExperimentationInternal0D18BidderTokenContextV"
              },
              {
                "kind": "TypeNominal",
                "name": "Decoder",
                "printedName": "Swift.Decoder",
                "usr": "s:s7DecoderP"
              }
            ],
            "declKind": "Constructor",
            "usr": "s:47_LinkedinAudienceNetworkExperimentationInternal0D18BidderTokenContextV4fromACs7Decoder_p_tKcfc",
            "mangledName": "$s47_LinkedinAudienceNetworkExperimentationInternal0D18BidderTokenContextV4fromACs7Decoder_p_tKcfc",
            "moduleName": "_LinkedinAudienceNetworkExperimentationInternal",
            "implicit": true,
            "throwing": true,
            "init_kind": "Designated"
          },
          {
            "kind": "Function",
            "name": "encode",
            "printedName": "encode(to:)",
            "children": [
              {
                "kind": "TypeNominal",
                "name": "Void",
                "printedName": "()"
              },
              {
                "kind": "TypeNominal",
                "name": "Encoder",
                "printedName": "Swift.Encoder",
                "usr": "s:s7EncoderP"
              }
            ],
            "declKind": "Func",
            "usr": "s:47_LinkedinAudienceNetworkExperimentationInternal0D18BidderTokenContextV6encode2toys7Encoder_p_tKF",
            "mangledName": "$s47_LinkedinAudienceNetworkExperimentationInternal0D18BidderTokenContextV6encode2toys7Encoder_p_tKF",
            "moduleName": "_LinkedinAudienceNetworkExperimentationInternal",
            "implicit": true,
            "throwing": true,
            "funcSelfKind": "NonMutating"
          }
        ],
        "declKind": "Struct",
        "usr": "s:47_LinkedinAudienceNetworkExperimentationInternal0D18BidderTokenContextV",
        "mangledName": "$s47_LinkedinAudienceNetworkExperimentationInternal0D18BidderTokenContextV",
        "moduleName": "_LinkedinAudienceNetworkExperimentationInternal",
        "declAttributes": [
          "AccessControl",
          "RawDocComment"
        ],
        "conformances": [
          {
            "kind": "Conformance",
            "name": "Decodable",
            "printedName": "Decodable",
            "usr": "s:Se",
            "mangledName": "$sSe"
          },
          {
            "kind": "Conformance",
            "name": "Encodable",
            "printedName": "Encodable",
            "usr": "s:SE",
            "mangledName": "$sSE"
          }
        ]
      },
      {
        "kind": "Import",
        "name": "_LinkedinAudienceNetworkCoreInternal",
        "printedName": "_LinkedinAudienceNetworkCoreInternal",
        "declKind": "Import",
        "moduleName": "_LinkedinAudienceNetworkExperimentationInternal"
      },
      {
        "kind": "Import",
        "name": "CoreData",
        "printedName": "CoreData",
        "declKind": "Import",
        "moduleName": "_LinkedinAudienceNetworkExperimentationInternal"
      },
      {
        "kind": "Import",
        "name": "Foundation",
        "printedName": "Foundation",
        "declKind": "Import",
        "moduleName": "_LinkedinAudienceNetworkExperimentationInternal"
      },
      {
        "kind": "TypeDecl",
        "name": "ExperimentationPersistentContainer",
        "printedName": "ExperimentationPersistentContainer",
        "children": [
          {
            "kind": "Constructor",
            "name": "init",
            "printedName": "init(logger:)",
            "children": [
              {
                "kind": "TypeNominal",
                "name": "ExperimentationPersistentContainer",
                "printedName": "_LinkedinAudienceNetworkExperimentationInternal.ExperimentationPersistentContainer",
                "usr": "c:@M@_LinkedinAudienceNetworkExperimentationInternal@objc(cs)ExperimentationPersistentContainer"
              },
              {
                "kind": "TypeNominal",
                "name": "Logger",
                "printedName": "_LinkedinAudienceNetworkCoreInternal.Logger",
                "usr": "s:36_LinkedinAudienceNetworkCoreInternal6LoggerC"
              }
            ],
            "declKind": "Constructor",
            "usr": "s:47_LinkedinAudienceNetworkExperimentationInternal0D19PersistentContainerC6loggerAC01_abc4CoreE06LoggerC_tKcfc",
            "mangledName": "$s47_LinkedinAudienceNetworkExperimentationInternal0D19PersistentContainerC6loggerAC01_abc4CoreE06LoggerC_tKcfc",
            "moduleName": "_LinkedinAudienceNetworkExperimentationInternal",
            "declAttributes": [
              "AccessControl"
            ],
            "throwing": true,
            "init_kind": "Designated"
          },
          {
            "kind": "Constructor",
            "name": "init",
            "printedName": "init(name:managedObjectModel:)",
            "children": [
              {
                "kind": "TypeNominal",
                "name": "ExperimentationPersistentContainer",
                "printedName": "_LinkedinAudienceNetworkExperimentationInternal.ExperimentationPersistentContainer",
                "usr": "c:@M@_LinkedinAudienceNetworkExperimentationInternal@objc(cs)ExperimentationPersistentContainer"
              },
              {
                "kind": "TypeNominal",
                "name": "String",
                "printedName": "Swift.String",
                "usr": "s:SS"
              },
              {
                "kind": "TypeNominal",
                "name": "NSManagedObjectModel",
                "printedName": "CoreData.NSManagedObjectModel",
                "usr": "c:objc(cs)NSManagedObjectModel"
              }
            ],
            "declKind": "Constructor",
            "usr": "c:@M@_LinkedinAudienceNetworkExperimentationInternal@objc(cs)ExperimentationPersistentContainer(im)initWithName:managedObjectModel:",
            "mangledName": "$s47_LinkedinAudienceNetworkExperimentationInternal0D19PersistentContainerC4name18managedObjectModelACSS_So09NSManagedjK0Ctcfc",
            "moduleName": "_LinkedinAudienceNetworkExperimentationInternal",
            "overriding": true,
            "implicit": true,
            "objc_name": "initWithName:managedObjectModel:",
            "declAttributes": [
              "Dynamic",
              "ObjC",
              "Override"
            ],
            "init_kind": "Designated"
          }
        ],
        "declKind": "Class",
        "usr": "c:@M@_LinkedinAudienceNetworkExperimentationInternal@objc(cs)ExperimentationPersistentContainer",
        "mangledName": "$s47_LinkedinAudienceNetworkExperimentationInternal0D19PersistentContainerC",
        "moduleName": "_LinkedinAudienceNetworkExperimentationInternal",
        "declAttributes": [
          "AccessControl",
          "ObjC"
        ],
        "superclassUsr": "c:objc(cs)NSPersistentContainer",
        "superclassNames": [
          "CoreData.NSPersistentContainer",
          "ObjectiveC.NSObject"
        ],
        "conformances": [
          {
            "kind": "Conformance",
            "name": "Equatable",
            "printedName": "Equatable",
            "usr": "s:SQ",
            "mangledName": "$sSQ"
          },
          {
            "kind": "Conformance",
            "name": "Hashable",
            "printedName": "Hashable",
            "usr": "s:SH",
            "mangledName": "$sSH"
          },
          {
            "kind": "Conformance",
            "name": "CVarArg",
            "printedName": "CVarArg",
            "usr": "s:s7CVarArgP",
            "mangledName": "$ss7CVarArgP"
          },
          {
            "kind": "Conformance",
            "name": "_KeyValueCodingAndObservingPublishing",
            "printedName": "_KeyValueCodingAndObservingPublishing",
            "usr": "s:10Foundation37_KeyValueCodingAndObservingPublishingP",
            "mangledName": "$s10Foundation37_KeyValueCodingAndObservingPublishingP"
          },
          {
            "kind": "Conformance",
            "name": "_KeyValueCodingAndObserving",
            "printedName": "_KeyValueCodingAndObserving",
            "usr": "s:10Foundation27_KeyValueCodingAndObservingP",
            "mangledName": "$s10Foundation27_KeyValueCodingAndObservingP"
          },
          {
            "kind": "Conformance",
            "name": "CustomStringConvertible",
            "printedName": "CustomStringConvertible",
            "usr": "s:s23CustomStringConvertibleP",
            "mangledName": "$ss23CustomStringConvertibleP"
          },
          {
            "kind": "Conformance",
            "name": "CustomDebugStringConvertible",
            "printedName": "CustomDebugStringConvertible",
            "usr": "s:s28CustomDebugStringConvertibleP",
            "mangledName": "$ss28CustomDebugStringConvertibleP"
          }
        ]
      },
      {
        "kind": "Import",
        "name": "_LinkedinAudienceNetworkCoreInternal",
        "printedName": "_LinkedinAudienceNetworkCoreInternal",
        "declKind": "Import",
        "moduleName": "_LinkedinAudienceNetworkExperimentationInternal"
      },
      {
        "kind": "Import",
        "name": "Foundation",
        "printedName": "Foundation",
        "declKind": "Import",
        "moduleName": "_LinkedinAudienceNetworkExperimentationInternal"
      },
      {
        "kind": "TypeDecl",
        "name": "ExperimentationProtocol",
        "printedName": "ExperimentationProtocol",
        "children": [
          {
            "kind": "Var",
            "name": "experimentationBidderTokenContext",
            "printedName": "experimentationBidderTokenContext",
            "children": [
              {
                "kind": "TypeNominal",
                "name": "ExperimentationBidderTokenContext",
                "printedName": "_LinkedinAudienceNetworkExperimentationInternal.ExperimentationBidderTokenContext",
                "usr": "s:47_LinkedinAudienceNetworkExperimentationInternal0D18BidderTokenContextV"
              }
            ],
            "declKind": "Var",
            "usr": "s:47_LinkedinAudienceNetworkExperimentationInternal0D8ProtocolP33experimentationBidderTokenContextAA0dhiJ0Vvp",
            "mangledName": "$s47_LinkedinAudienceNetworkExperimentationInternal0D8ProtocolP33experimentationBidderTokenContextAA0dhiJ0Vvp",
            "moduleName": "_LinkedinAudienceNetworkExperimentationInternal",
            "protocolReq": true,
            "accessors": [
              {
                "kind": "Accessor",
                "name": "Get",
                "printedName": "Get()",
                "children": [
                  {
                    "kind": "TypeNominal",
                    "name": "ExperimentationBidderTokenContext",
                    "printedName": "_LinkedinAudienceNetworkExperimentationInternal.ExperimentationBidderTokenContext",
                    "usr": "s:47_LinkedinAudienceNetworkExperimentationInternal0D18BidderTokenContextV"
                  }
                ],
                "declKind": "Accessor",
                "usr": "s:47_LinkedinAudienceNetworkExperimentationInternal0D8ProtocolP33experimentationBidderTokenContextAA0dhiJ0Vvg",
                "mangledName": "$s47_LinkedinAudienceNetworkExperimentationInternal0D8ProtocolP33experimentationBidderTokenContextAA0dhiJ0Vvg",
                "moduleName": "_LinkedinAudienceNetworkExperimentationInternal",
                "genericSig": "<τ_0_0 where τ_0_0 : _LinkedinAudienceNetworkExperimentationInternal.ExperimentationProtocol>",
                "sugared_genericSig": "<Self where Self : _LinkedinAudienceNetworkExperimentationInternal.ExperimentationProtocol>",
                "protocolReq": true,
                "reqNewWitnessTableEntry": true,
                "accessorKind": "get"
              }
            ]
          }
        ],
        "declKind": "Protocol",
        "usr": "s:47_LinkedinAudienceNetworkExperimentationInternal0D8ProtocolP",
        "mangledName": "$s47_LinkedinAudienceNetworkExperimentationInternal0D8ProtocolP",
        "moduleName": "_LinkedinAudienceNetworkExperimentationInternal",
        "declAttributes": [
          "AccessControl"
        ]
      },
      {
        "kind": "TypeDecl",
        "name": "ExperimentationService",
        "printedName": "ExperimentationService",
        "children": [
          {
            "kind": "Var",
            "name": "fallbackBidderTokenContext",
            "printedName": "fallbackBidderTokenContext",
            "children": [
              {
                "kind": "TypeNominal",
                "name": "ExperimentationBidderTokenContext",
                "printedName": "_LinkedinAudienceNetworkExperimentationInternal.ExperimentationBidderTokenContext",
                "usr": "s:47_LinkedinAudienceNetworkExperimentationInternal0D18BidderTokenContextV"
              }
            ],
            "declKind": "Var",
            "usr": "s:47_LinkedinAudienceNetworkExperimentationInternal0D7ServiceC26fallbackBidderTokenContextAA0dhiJ0VvpZ",
            "mangledName": "$s47_LinkedinAudienceNetworkExperimentationInternal0D7ServiceC26fallbackBidderTokenContextAA0dhiJ0VvpZ",
            "moduleName": "_LinkedinAudienceNetworkExperimentationInternal",
            "static": true,
            "declAttributes": [
              "HasInitialValue",
              "Final",
              "HasStorage",
              "AccessControl"
            ],
            "isLet": true,
            "hasStorage": true,
            "accessors": [
              {
                "kind": "Accessor",
                "name": "Get",
                "printedName": "Get()",
                "children": [
                  {
                    "kind": "TypeNominal",
                    "name": "ExperimentationBidderTokenContext",
                    "printedName": "_LinkedinAudienceNetworkExperimentationInternal.ExperimentationBidderTokenContext",
                    "usr": "s:47_LinkedinAudienceNetworkExperimentationInternal0D18BidderTokenContextV"
                  }
                ],
                "declKind": "Accessor",
                "usr": "s:47_LinkedinAudienceNetworkExperimentationInternal0D7ServiceC26fallbackBidderTokenContextAA0dhiJ0VvgZ",
                "mangledName": "$s47_LinkedinAudienceNetworkExperimentationInternal0D7ServiceC26fallbackBidderTokenContextAA0dhiJ0VvgZ",
                "moduleName": "_LinkedinAudienceNetworkExperimentationInternal",
                "static": true,
                "implicit": true,
                "declAttributes": [
                  "Final"
                ],
                "accessorKind": "get"
              }
            ]
          },
          {
            "kind": "Var",
            "name": "experimentationBidderTokenContext",
            "printedName": "experimentationBidderTokenContext",
            "children": [
              {
                "kind": "TypeNominal",
                "name": "ExperimentationBidderTokenContext",
                "printedName": "_LinkedinAudienceNetworkExperimentationInternal.ExperimentationBidderTokenContext",
                "usr": "s:47_LinkedinAudienceNetworkExperimentationInternal0D18BidderTokenContextV"
              }
            ],
            "declKind": "Var",
            "usr": "s:47_LinkedinAudienceNetworkExperimentationInternal0D7ServiceC33experimentationBidderTokenContextAA0dhiJ0Vvp",
            "mangledName": "$s47_LinkedinAudienceNetworkExperimentationInternal0D7ServiceC33experimentationBidderTokenContextAA0dhiJ0Vvp",
            "moduleName": "_LinkedinAudienceNetworkExperimentationInternal",
            "declAttributes": [
              "AccessControl",
              "RawDocComment"
            ],
            "accessors": [
              {
                "kind": "Accessor",
                "name": "Get",
                "printedName": "Get()",
                "children": [
                  {
                    "kind": "TypeNominal",
                    "name": "ExperimentationBidderTokenContext",
                    "printedName": "_LinkedinAudienceNetworkExperimentationInternal.ExperimentationBidderTokenContext",
                    "usr": "s:47_LinkedinAudienceNetworkExperimentationInternal0D18BidderTokenContextV"
                  }
                ],
                "declKind": "Accessor",
                "usr": "s:47_LinkedinAudienceNetworkExperimentationInternal0D7ServiceC33experimentationBidderTokenContextAA0dhiJ0Vvg",
                "mangledName": "$s47_LinkedinAudienceNetworkExperimentationInternal0D7ServiceC33experimentationBidderTokenContextAA0dhiJ0Vvg",
                "moduleName": "_LinkedinAudienceNetworkExperimentationInternal",
                "accessorKind": "get"
              }
            ]
          },
          {
            "kind": "Constructor",
            "name": "init",
            "printedName": "init(coreDependencyContainer:)",
            "children": [
              {
                "kind": "TypeNominal",
                "name": "Optional",
                "printedName": "_LinkedinAudienceNetworkExperimentationInternal.ExperimentationService?",
                "children": [
                  {
                    "kind": "TypeNominal",
                    "name": "ExperimentationService",
                    "printedName": "_LinkedinAudienceNetworkExperimentationInternal.ExperimentationService",
                    "usr": "s:47_LinkedinAudienceNetworkExperimentationInternal0D7ServiceC"
                  }
                ],
                "usr": "s:Sq"
              },
              {
                "kind": "TypeNominal",
                "name": "CoreDependencyContainer",
                "printedName": "_LinkedinAudienceNetworkCoreInternal.CoreDependencyContainer",
                "usr": "s:36_LinkedinAudienceNetworkCoreInternal0D19DependencyContainerC"
              }
            ],
            "declKind": "Constructor",
            "usr": "s:47_LinkedinAudienceNetworkExperimentationInternal0D7ServiceC23coreDependencyContainerACSg01_abc4CoreE00jhI0C_tcfc",
            "mangledName": "$s47_LinkedinAudienceNetworkExperimentationInternal0D7ServiceC23coreDependencyContainerACSg01_abc4CoreE00jhI0C_tcfc",
            "moduleName": "_LinkedinAudienceNetworkExperimentationInternal",
            "declAttributes": [
              "AccessControl",
              "RawDocComment"
            ],
            "init_kind": "Designated"
          }
        ],
        "declKind": "Class",
        "usr": "s:47_LinkedinAudienceNetworkExperimentationInternal0D7ServiceC",
        "mangledName": "$s47_LinkedinAudienceNetworkExperimentationInternal0D7ServiceC",
        "moduleName": "_LinkedinAudienceNetworkExperimentationInternal",
        "declAttributes": [
          "AccessControl"
        ],
        "conformances": [
          {
            "kind": "Conformance",
            "name": "ExperimentationProtocol",
            "printedName": "ExperimentationProtocol",
            "usr": "s:47_LinkedinAudienceNetworkExperimentationInternal0D8ProtocolP",
            "mangledName": "$s47_LinkedinAudienceNetworkExperimentationInternal0D8ProtocolP"
          }
        ]
      },
      {
        "kind": "Import",
        "name": "_LinkedinAudienceNetworkCoreInternal",
        "printedName": "_LinkedinAudienceNetworkCoreInternal",
        "declKind": "Import",
        "moduleName": "_LinkedinAudienceNetworkExperimentationInternal"
      },
      {
        "kind": "Import",
        "name": "CoreData",
        "printedName": "CoreData",
        "declKind": "Import",
        "moduleName": "_LinkedinAudienceNetworkExperimentationInternal"
      },
      {
        "kind": "Import",
        "name": "Foundation",
        "printedName": "Foundation",
        "declKind": "Import",
        "moduleName": "_LinkedinAudienceNetworkExperimentationInternal"
      },
      {
        "kind": "TypeDecl",
        "name": "BrandLiftTestImpression",
        "printedName": "BrandLiftTestImpression",
        "children": [
          {
            "kind": "Constructor",
            "name": "init",
            "printedName": "init(from:)",
            "children": [
              {
                "kind": "TypeNominal",
                "name": "BrandLiftTestImpression",
                "printedName": "_LinkedinAudienceNetworkExperimentationInternal.BrandLiftTestImpression",
                "usr": "s:47_LinkedinAudienceNetworkExperimentationInternal23BrandLiftTestImpressionV"
              },
              {
                "kind": "TypeNominal",
                "name": "Decoder",
                "printedName": "Swift.Decoder",
                "usr": "s:s7DecoderP"
              }
            ],
            "declKind": "Constructor",
            "usr": "s:47_LinkedinAudienceNetworkExperimentationInternal23BrandLiftTestImpressionV4fromACs7Decoder_p_tKcfc",
            "mangledName": "$s47_LinkedinAudienceNetworkExperimentationInternal23BrandLiftTestImpressionV4fromACs7Decoder_p_tKcfc",
            "moduleName": "_LinkedinAudienceNetworkExperimentationInternal",
            "implicit": true,
            "throwing": true,
            "init_kind": "Designated"
          },
          {
            "kind": "Function",
            "name": "encode",
            "printedName": "encode(to:)",
            "children": [
              {
                "kind": "TypeNominal",
                "name": "Void",
                "printedName": "()"
              },
              {
                "kind": "TypeNominal",
                "name": "Encoder",
                "printedName": "Swift.Encoder",
                "usr": "s:s7EncoderP"
              }
            ],
            "declKind": "Func",
            "usr": "s:47_LinkedinAudienceNetworkExperimentationInternal23BrandLiftTestImpressionV6encode2toys7Encoder_p_tKF",
            "mangledName": "$s47_LinkedinAudienceNetworkExperimentationInternal23BrandLiftTestImpressionV6encode2toys7Encoder_p_tKF",
            "moduleName": "_LinkedinAudienceNetworkExperimentationInternal",
            "implicit": true,
            "throwing": true,
            "funcSelfKind": "NonMutating"
          },
          {
            "kind": "Function",
            "name": "==",
            "printedName": "==(_:_:)",
            "children": [
              {
                "kind": "TypeNominal",
                "name": "Bool",
                "printedName": "Swift.Bool",
                "usr": "s:Sb"
              },
              {
                "kind": "TypeNominal",
                "name": "BrandLiftTestImpression",
                "printedName": "_LinkedinAudienceNetworkExperimentationInternal.BrandLiftTestImpression",
                "usr": "s:47_LinkedinAudienceNetworkExperimentationInternal23BrandLiftTestImpressionV"
              },
              {
                "kind": "TypeNominal",
                "name": "BrandLiftTestImpression",
                "printedName": "_LinkedinAudienceNetworkExperimentationInternal.BrandLiftTestImpression",
                "usr": "s:47_LinkedinAudienceNetworkExperimentationInternal23BrandLiftTestImpressionV"
              }
            ],
            "declKind": "Func",
            "usr": "s:47_LinkedinAudienceNetworkExperimentationInternal23BrandLiftTestImpressionV2eeoiySbAC_ACtFZ",
            "mangledName": "$s47_LinkedinAudienceNetworkExperimentationInternal23BrandLiftTestImpressionV2eeoiySbAC_ACtFZ",
            "moduleName": "_LinkedinAudienceNetworkExperimentationInternal",
            "static": true,
            "declAttributes": [
              "AccessControl"
            ],
            "isFromExtension": true,
            "funcSelfKind": "NonMutating"
          }
        ],
        "declKind": "Struct",
        "usr": "s:47_LinkedinAudienceNetworkExperimentationInternal23BrandLiftTestImpressionV",
        "mangledName": "$s47_LinkedinAudienceNetworkExperimentationInternal23BrandLiftTestImpressionV",
        "moduleName": "_LinkedinAudienceNetworkExperimentationInternal",
        "declAttributes": [
          "AccessControl",
          "RawDocComment"
        ],
        "conformances": [
          {
            "kind": "Conformance",
            "name": "Decodable",
            "printedName": "Decodable",
            "usr": "s:Se",
            "mangledName": "$sSe"
          },
          {
            "kind": "Conformance",
            "name": "Encodable",
            "printedName": "Encodable",
            "usr": "s:SE",
            "mangledName": "$sSE"
          },
          {
            "kind": "Conformance",
            "name": "Equatable",
            "printedName": "Equatable",
            "usr": "s:SQ",
            "mangledName": "$sSQ"
          }
        ]
      },
      {
        "kind": "Import",
        "name": "Foundation",
        "printedName": "Foundation",
        "declKind": "Import",
        "moduleName": "_LinkedinAudienceNetworkExperimentationInternal",
        "declAttributes": [
          "RawDocComment"
        ]
      },
      {
        "kind": "Import",
        "name": "CoreData",
        "printedName": "CoreData",
        "declKind": "Import",
        "moduleName": "_LinkedinAudienceNetworkExperimentationInternal"
      },
      {
        "kind": "TypeDecl",
        "name": "BrandLiftTestImpressionData",
        "printedName": "BrandLiftTestImpressionData",
        "children": [
          {
            "kind": "Constructor",
            "name": "init",
            "printedName": "init(entity:insertInto:)",
            "children": [
              {
                "kind": "TypeNominal",
                "name": "BrandLiftTestImpressionData",
                "printedName": "_LinkedinAudienceNetworkExperimentationInternal.BrandLiftTestImpressionData",
                "usr": "c:@M@_LinkedinAudienceNetworkExperimentationInternal@objc(cs)BrandLiftTestImpressionData"
              },
              {
                "kind": "TypeNominal",
                "name": "NSEntityDescription",
                "printedName": "CoreData.NSEntityDescription",
                "usr": "c:objc(cs)NSEntityDescription"
              },
              {
                "kind": "TypeNominal",
                "name": "Optional",
                "printedName": "CoreData.NSManagedObjectContext?",
                "children": [
                  {
                    "kind": "TypeNominal",
                    "name": "NSManagedObjectContext",
                    "printedName": "CoreData.NSManagedObjectContext",
                    "usr": "c:objc(cs)NSManagedObjectContext"
                  }
                ],
                "usr": "s:Sq"
              }
            ],
            "declKind": "Constructor",
            "usr": "c:@M@_LinkedinAudienceNetworkExperimentationInternal@objc(cs)BrandLiftTestImpressionData(im)initWithEntity:insertIntoManagedObjectContext:",
            "mangledName": "$s47_LinkedinAudienceNetworkExperimentationInternal27BrandLiftTestImpressionDataC6entity10insertIntoACSo19NSEntityDescriptionC_So22NSManagedObjectContextCSgtcfc",
            "moduleName": "_LinkedinAudienceNetworkExperimentationInternal",
            "overriding": true,
            "implicit": true,
            "objc_name": "initWithEntity:insertIntoManagedObjectContext:",
            "declAttributes": [
              "Dynamic",
              "ObjC",
              "Override"
            ],
            "init_kind": "Designated"
          },
          {
            "kind": "Function",
            "name": "fetchRequest",
            "printedName": "fetchRequest()",
            "children": [
              {
                "kind": "TypeNominal",
                "name": "NSFetchRequest",
                "printedName": "CoreData.NSFetchRequest<_LinkedinAudienceNetworkExperimentationInternal.BrandLiftTestImpressionData>",
                "children": [
                  {
                    "kind": "TypeNominal",
                    "name": "BrandLiftTestImpressionData",
                    "printedName": "_LinkedinAudienceNetworkExperimentationInternal.BrandLiftTestImpressionData",
                    "usr": "c:@M@_LinkedinAudienceNetworkExperimentationInternal@objc(cs)BrandLiftTestImpressionData"
                  }
                ],
                "usr": "c:objc(cs)NSFetchRequest"
              }
            ],
            "declKind": "Func",
            "usr": "s:47_LinkedinAudienceNetworkExperimentationInternal27BrandLiftTestImpressionDataC12fetchRequestSo07NSFetchL0CyACGyFZ",
            "mangledName": "$s47_LinkedinAudienceNetworkExperimentationInternal27BrandLiftTestImpressionDataC12fetchRequestSo07NSFetchL0CyACGyFZ",
            "moduleName": "_LinkedinAudienceNetworkExperimentationInternal",
            "static": true,
            "declAttributes": [
              "AccessControl",
              "NonObjC"
            ],
            "isFromExtension": true,
            "funcSelfKind": "NonMutating"
          },
          {
            "kind": "Var",
            "name": "adImpressionTime",
            "printedName": "adImpressionTime",
            "children": [
              {
                "kind": "TypeNominal",
                "name": "Int64",
                "printedName": "Swift.Int64",
                "usr": "s:s5Int64V"
              }
            ],
            "declKind": "Var",
            "usr": "c:@CM@_LinkedinAudienceNetworkExperimentationInternal@objc(cs)BrandLiftTestImpressionData(py)adImpressionTime",
            "mangledName": "$s47_LinkedinAudienceNetworkExperimentationInternal27BrandLiftTestImpressionDataC02adI4Times5Int64Vvp",
            "moduleName": "_LinkedinAudienceNetworkExperimentationInternal",
            "declAttributes": [
              "Dynamic",
              "AccessControl",
              "NSManaged",
              "ObjC"
            ],
            "isFromExtension": true,
            "accessors": [
              {
                "kind": "Accessor",
                "name": "Get",
                "printedName": "Get()",
                "children": [
                  {
                    "kind": "TypeNominal",
                    "name": "Int64",
                    "printedName": "Swift.Int64",
                    "usr": "s:s5Int64V"
                  }
                ],
                "declKind": "Accessor",
                "usr": "c:@CM@_LinkedinAudienceNetworkExperimentationInternal@objc(cs)BrandLiftTestImpressionData(im)adImpressionTime",
                "mangledName": "$s47_LinkedinAudienceNetworkExperimentationInternal27BrandLiftTestImpressionDataC02adI4Times5Int64Vvg",
                "moduleName": "_LinkedinAudienceNetworkExperimentationInternal",
                "implicit": true,
                "declAttributes": [
                  "Dynamic",
                  "ObjC"
                ],
                "isFromExtension": true,
                "accessorKind": "get"
              },
              {
                "kind": "Accessor",
                "name": "Set",
                "printedName": "Set()",
                "children": [
                  {
                    "kind": "TypeNominal",
                    "name": "Void",
                    "printedName": "()"
                  },
                  {
                    "kind": "TypeNominal",
                    "name": "Int64",
                    "printedName": "Swift.Int64",
                    "usr": "s:s5Int64V"
                  }
                ],
                "declKind": "Accessor",
                "usr": "c:@CM@_LinkedinAudienceNetworkExperimentationInternal@objc(cs)BrandLiftTestImpressionData(im)setAdImpressionTime:",
                "mangledName": "$s47_LinkedinAudienceNetworkExperimentationInternal27BrandLiftTestImpressionDataC02adI4Times5Int64Vvs",
                "moduleName": "_LinkedinAudienceNetworkExperimentationInternal",
                "implicit": true,
                "declAttributes": [
                  "Dynamic",
                  "ObjC"
                ],
                "isFromExtension": true,
                "accessorKind": "set"
              }
            ]
          },
          {
            "kind": "Var",
            "name": "brandLiftTestExpirationDate",
            "printedName": "brandLiftTestExpirationDate",
            "children": [
              {
                "kind": "TypeNominal",
                "name": "Int64",
                "printedName": "Swift.Int64",
                "usr": "s:s5Int64V"
              }
            ],
            "declKind": "Var",
            "usr": "c:@CM@_LinkedinAudienceNetworkExperimentationInternal@objc(cs)BrandLiftTestImpressionData(py)brandLiftTestExpirationDate",
            "mangledName": "$s47_LinkedinAudienceNetworkExperimentationInternal27BrandLiftTestImpressionDataC05brandgH14ExpirationDates5Int64Vvp",
            "moduleName": "_LinkedinAudienceNetworkExperimentationInternal",
            "declAttributes": [
              "Dynamic",
              "AccessControl",
              "NSManaged",
              "ObjC"
            ],
            "isFromExtension": true,
            "accessors": [
              {
                "kind": "Accessor",
                "name": "Get",
                "printedName": "Get()",
                "children": [
                  {
                    "kind": "TypeNominal",
                    "name": "Int64",
                    "printedName": "Swift.Int64",
                    "usr": "s:s5Int64V"
                  }
                ],
                "declKind": "Accessor",
                "usr": "c:@CM@_LinkedinAudienceNetworkExperimentationInternal@objc(cs)BrandLiftTestImpressionData(im)brandLiftTestExpirationDate",
                "mangledName": "$s47_LinkedinAudienceNetworkExperimentationInternal27BrandLiftTestImpressionDataC05brandgH14ExpirationDates5Int64Vvg",
                "moduleName": "_LinkedinAudienceNetworkExperimentationInternal",
                "implicit": true,
                "declAttributes": [
                  "Dynamic",
                  "ObjC"
                ],
                "isFromExtension": true,
                "accessorKind": "get"
              },
              {
                "kind": "Accessor",
                "name": "Set",
                "printedName": "Set()",
                "children": [
                  {
                    "kind": "TypeNominal",
                    "name": "Void",
                    "printedName": "()"
                  },
                  {
                    "kind": "TypeNominal",
                    "name": "Int64",
                    "printedName": "Swift.Int64",
                    "usr": "s:s5Int64V"
                  }
                ],
                "declKind": "Accessor",
                "usr": "c:@CM@_LinkedinAudienceNetworkExperimentationInternal@objc(cs)BrandLiftTestImpressionData(im)setBrandLiftTestExpirationDate:",
                "mangledName": "$s47_LinkedinAudienceNetworkExperimentationInternal27BrandLiftTestImpressionDataC05brandgH14ExpirationDates5Int64Vvs",
                "moduleName": "_LinkedinAudienceNetworkExperimentationInternal",
                "implicit": true,
                "declAttributes": [
                  "Dynamic",
                  "ObjC"
                ],
                "isFromExtension": true,
                "accessorKind": "set"
              }
            ]
          },
          {
            "kind": "Var",
            "name": "brandLiftTestID",
            "printedName": "brandLiftTestID",
            "children": [
              {
                "kind": "TypeNominal",
                "name": "Int64",
                "printedName": "Swift.Int64",
                "usr": "s:s5Int64V"
              }
            ],
            "declKind": "Var",
            "usr": "c:@CM@_LinkedinAudienceNetworkExperimentationInternal@objc(cs)BrandLiftTestImpressionData(py)brandLiftTestID",
            "mangledName": "$s47_LinkedinAudienceNetworkExperimentationInternal27BrandLiftTestImpressionDataC05brandgH2IDs5Int64Vvp",
            "moduleName": "_LinkedinAudienceNetworkExperimentationInternal",
            "declAttributes": [
              "Dynamic",
              "AccessControl",
              "NSManaged",
              "ObjC"
            ],
            "isFromExtension": true,
            "accessors": [
              {
                "kind": "Accessor",
                "name": "Get",
                "printedName": "Get()",
                "children": [
                  {
                    "kind": "TypeNominal",
                    "name": "Int64",
                    "printedName": "Swift.Int64",
                    "usr": "s:s5Int64V"
                  }
                ],
                "declKind": "Accessor",
                "usr": "c:@CM@_LinkedinAudienceNetworkExperimentationInternal@objc(cs)BrandLiftTestImpressionData(im)brandLiftTestID",
                "mangledName": "$s47_LinkedinAudienceNetworkExperimentationInternal27BrandLiftTestImpressionDataC05brandgH2IDs5Int64Vvg",
                "moduleName": "_LinkedinAudienceNetworkExperimentationInternal",
                "implicit": true,
                "declAttributes": [
                  "Dynamic",
                  "ObjC"
                ],
                "isFromExtension": true,
                "accessorKind": "get"
              },
              {
                "kind": "Accessor",
                "name": "Set",
                "printedName": "Set()",
                "children": [
                  {
                    "kind": "TypeNominal",
                    "name": "Void",
                    "printedName": "()"
                  },
                  {
                    "kind": "TypeNominal",
                    "name": "Int64",
                    "printedName": "Swift.Int64",
                    "usr": "s:s5Int64V"
                  }
                ],
                "declKind": "Accessor",
                "usr": "c:@CM@_LinkedinAudienceNetworkExperimentationInternal@objc(cs)BrandLiftTestImpressionData(im)setBrandLiftTestID:",
                "mangledName": "$s47_LinkedinAudienceNetworkExperimentationInternal27BrandLiftTestImpressionDataC05brandgH2IDs5Int64Vvs",
                "moduleName": "_LinkedinAudienceNetworkExperimentationInternal",
                "implicit": true,
                "declAttributes": [
                  "Dynamic",
                  "ObjC"
                ],
                "isFromExtension": true,
                "accessorKind": "set"
              }
            ]
          },
          {
            "kind": "Var",
            "name": "sponsoredAccountID",
            "printedName": "sponsoredAccountID",
            "children": [
              {
                "kind": "TypeNominal",
                "name": "Int64",
                "printedName": "Swift.Int64",
                "usr": "s:s5Int64V"
              }
            ],
            "declKind": "Var",
            "usr": "c:@CM@_LinkedinAudienceNetworkExperimentationInternal@objc(cs)BrandLiftTestImpressionData(py)sponsoredAccountID",
            "mangledName": "$s47_LinkedinAudienceNetworkExperimentationInternal27BrandLiftTestImpressionDataC18sponsoredAccountIDs5Int64Vvp",
            "moduleName": "_LinkedinAudienceNetworkExperimentationInternal",
            "declAttributes": [
              "Dynamic",
              "AccessControl",
              "NSManaged",
              "ObjC"
            ],
            "isFromExtension": true,
            "accessors": [
              {
                "kind": "Accessor",
                "name": "Get",
                "printedName": "Get()",
                "children": [
                  {
                    "kind": "TypeNominal",
                    "name": "Int64",
                    "printedName": "Swift.Int64",
                    "usr": "s:s5Int64V"
                  }
                ],
                "declKind": "Accessor",
                "usr": "c:@CM@_LinkedinAudienceNetworkExperimentationInternal@objc(cs)BrandLiftTestImpressionData(im)sponsoredAccountID",
                "mangledName": "$s47_LinkedinAudienceNetworkExperimentationInternal27BrandLiftTestImpressionDataC18sponsoredAccountIDs5Int64Vvg",
                "moduleName": "_LinkedinAudienceNetworkExperimentationInternal",
                "implicit": true,
                "declAttributes": [
                  "Dynamic",
                  "ObjC"
                ],
                "isFromExtension": true,
                "accessorKind": "get"
              },
              {
                "kind": "Accessor",
                "name": "Set",
                "printedName": "Set()",
                "children": [
                  {
                    "kind": "TypeNominal",
                    "name": "Void",
                    "printedName": "()"
                  },
                  {
                    "kind": "TypeNominal",
                    "name": "Int64",
                    "printedName": "Swift.Int64",
                    "usr": "s:s5Int64V"
                  }
                ],
                "declKind": "Accessor",
                "usr": "c:@CM@_LinkedinAudienceNetworkExperimentationInternal@objc(cs)BrandLiftTestImpressionData(im)setSponsoredAccountID:",
                "mangledName": "$s47_LinkedinAudienceNetworkExperimentationInternal27BrandLiftTestImpressionDataC18sponsoredAccountIDs5Int64Vvs",
                "moduleName": "_LinkedinAudienceNetworkExperimentationInternal",
                "implicit": true,
                "declAttributes": [
                  "Dynamic",
                  "ObjC"
                ],
                "isFromExtension": true,
                "accessorKind": "set"
              }
            ]
          },
          {
            "kind": "Var",
            "name": "surveyCompletionTime",
            "printedName": "surveyCompletionTime",
            "children": [
              {
                "kind": "TypeNominal",
                "name": "Int64",
                "printedName": "Swift.Int64",
                "usr": "s:s5Int64V"
              }
            ],
            "declKind": "Var",
            "usr": "c:@CM@_LinkedinAudienceNetworkExperimentationInternal@objc(cs)BrandLiftTestImpressionData(py)surveyCompletionTime",
            "mangledName": "$s47_LinkedinAudienceNetworkExperimentationInternal27BrandLiftTestImpressionDataC20surveyCompletionTimes5Int64Vvp",
            "moduleName": "_LinkedinAudienceNetworkExperimentationInternal",
            "declAttributes": [
              "Dynamic",
              "AccessControl",
              "NSManaged",
              "ObjC"
            ],
            "isFromExtension": true,
            "accessors": [
              {
                "kind": "Accessor",
                "name": "Get",
                "printedName": "Get()",
                "children": [
                  {
                    "kind": "TypeNominal",
                    "name": "Int64",
                    "printedName": "Swift.Int64",
                    "usr": "s:s5Int64V"
                  }
                ],
                "declKind": "Accessor",
                "usr": "c:@CM@_LinkedinAudienceNetworkExperimentationInternal@objc(cs)BrandLiftTestImpressionData(im)surveyCompletionTime",
                "mangledName": "$s47_LinkedinAudienceNetworkExperimentationInternal27BrandLiftTestImpressionDataC20surveyCompletionTimes5Int64Vvg",
                "moduleName": "_LinkedinAudienceNetworkExperimentationInternal",
                "implicit": true,
                "declAttributes": [
                  "Dynamic",
                  "ObjC"
                ],
                "isFromExtension": true,
                "accessorKind": "get"
              },
              {
                "kind": "Accessor",
                "name": "Set",
                "printedName": "Set()",
                "children": [
                  {
                    "kind": "TypeNominal",
                    "name": "Void",
                    "printedName": "()"
                  },
                  {
                    "kind": "TypeNominal",
                    "name": "Int64",
                    "printedName": "Swift.Int64",
                    "usr": "s:s5Int64V"
                  }
                ],
                "declKind": "Accessor",
                "usr": "c:@CM@_LinkedinAudienceNetworkExperimentationInternal@objc(cs)BrandLiftTestImpressionData(im)setSurveyCompletionTime:",
                "mangledName": "$s47_LinkedinAudienceNetworkExperimentationInternal27BrandLiftTestImpressionDataC20surveyCompletionTimes5Int64Vvs",
                "moduleName": "_LinkedinAudienceNetworkExperimentationInternal",
                "implicit": true,
                "declAttributes": [
                  "Dynamic",
                  "ObjC"
                ],
                "isFromExtension": true,
                "accessorKind": "set"
              }
            ]
          }
        ],
        "declKind": "Class",
        "usr": "c:@M@_LinkedinAudienceNetworkExperimentationInternal@objc(cs)BrandLiftTestImpressionData",
        "mangledName": "$s47_LinkedinAudienceNetworkExperimentationInternal27BrandLiftTestImpressionDataC",
        "moduleName": "_LinkedinAudienceNetworkExperimentationInternal",
        "objc_name": "BrandLiftTestImpressionData",
        "declAttributes": [
          "AccessControl",
          "ObjC"
        ],
        "superclassUsr": "c:objc(cs)NSManagedObject",
        "inheritsConvenienceInitializers": true,
        "superclassNames": [
          "CoreData.NSManagedObject",
          "ObjectiveC.NSObject"
        ],
        "conformances": [
          {
            "kind": "Conformance",
            "name": "Equatable",
            "printedName": "Equatable",
            "usr": "s:SQ",
            "mangledName": "$sSQ"
          },
          {
            "kind": "Conformance",
            "name": "Hashable",
            "printedName": "Hashable",
            "usr": "s:SH",
            "mangledName": "$sSH"
          },
          {
            "kind": "Conformance",
            "name": "CVarArg",
            "printedName": "CVarArg",
            "usr": "s:s7CVarArgP",
            "mangledName": "$ss7CVarArgP"
          },
          {
            "kind": "Conformance",
            "name": "_KeyValueCodingAndObservingPublishing",
            "printedName": "_KeyValueCodingAndObservingPublishing",
            "usr": "s:10Foundation37_KeyValueCodingAndObservingPublishingP",
            "mangledName": "$s10Foundation37_KeyValueCodingAndObservingPublishingP"
          },
          {
            "kind": "Conformance",
            "name": "_KeyValueCodingAndObserving",
            "printedName": "_KeyValueCodingAndObserving",
            "usr": "s:10Foundation27_KeyValueCodingAndObservingP",
            "mangledName": "$s10Foundation27_KeyValueCodingAndObservingP"
          },
          {
            "kind": "Conformance",
            "name": "CustomStringConvertible",
            "printedName": "CustomStringConvertible",
            "usr": "s:s23CustomStringConvertibleP",
            "mangledName": "$ss23CustomStringConvertibleP"
          },
          {
            "kind": "Conformance",
            "name": "CustomDebugStringConvertible",
            "printedName": "CustomDebugStringConvertible",
            "usr": "s:s28CustomDebugStringConvertibleP",
            "mangledName": "$ss28CustomDebugStringConvertibleP"
          },
          {
            "kind": "Conformance",
            "name": "ObservableObject",
            "printedName": "ObservableObject",
            "children": [
              {
                "kind": "TypeWitness",
                "name": "ObjectWillChangePublisher",
                "printedName": "ObjectWillChangePublisher",
                "children": [
                  {
                    "kind": "TypeNominal",
                    "name": "ObservableObjectPublisher",
                    "printedName": "Combine.ObservableObjectPublisher",
                    "usr": "s:7Combine25ObservableObjectPublisherC"
                  }
                ]
              }
            ],
            "usr": "s:7Combine16ObservableObjectP",
            "mangledName": "$s7Combine16ObservableObjectP"
          }
        ]
      },
      {
        "kind": "Import",
        "name": "Foundation",
        "printedName": "Foundation",
        "declKind": "Import",
        "moduleName": "_LinkedinAudienceNetworkExperimentationInternal",
        "declAttributes": [
          "RawDocComment"
        ]
      },
      {
        "kind": "Import",
        "name": "CoreData",
        "printedName": "CoreData",
        "declKind": "Import",
        "moduleName": "_LinkedinAudienceNetworkExperimentationInternal"
      },
      {
        "kind": "Import",
        "name": "Foundation",
        "printedName": "Foundation",
        "declKind": "Import",
        "moduleName": "_LinkedinAudienceNetworkExperimentationInternal",
        "declAttributes": [
          "RawDocComment"
        ]
      },
      {
        "kind": "Import",
        "name": "CoreData",
        "printedName": "CoreData",
        "declKind": "Import",
        "moduleName": "_LinkedinAudienceNetworkExperimentationInternal"
      }
    ],
    "json_format_version": 8
  },
  "ConstValues": [
    {
      "filePath": "\/Users\/runner\/work\/audience-network-ios\/audience-network-ios\/main\/Modules\/_LinkedinAudienceNetworkExperimentationInternal\/ExperimentationPersistentContainer.swift",
      "kind": "StringLiteral",
      "offset": 188,
      "length": 29,
      "value": "\"BrandLiftTestImpressionData\""
    },
    {
      "filePath": "\/Users\/runner\/work\/audience-network-ios\/audience-network-ios\/main\/Modules\/_LinkedinAudienceNetworkExperimentationInternal\/ExperimentationPersistentContainer.swift",
      "kind": "StringLiteral",
      "offset": 266,
      "length": 6,
      "value": "\"momd\""
    },
    {
      "filePath": "\/Users\/runner\/work\/audience-network-ios\/audience-network-ios\/main\/Modules\/_LinkedinAudienceNetworkExperimentationInternal\/ExperimentationPersistentContainer.swift",
      "kind": "StringLiteral",
      "offset": 92,
      "length": 34,
      "value": "\"_LinkedinAudienceNetworkExperimentationInternal.ExperimentationPersistentContainer\""
    },
    {
      "filePath": "\/Users\/runner\/work\/audience-network-ios\/audience-network-ios\/main\/Modules\/_LinkedinAudienceNetworkExperimentationInternal\/Models\/BrandLiftTestImpression.swift",
      "kind": "StringLiteral",
      "offset": 523,
      "length": 7,
      "value": "\"bltID\""
    },
    {
      "filePath": "\/Users\/runner\/work\/audience-network-ios\/audience-network-ios\/main\/Modules\/_LinkedinAudienceNetworkExperimentationInternal\/Models\/BrandLiftTestImpression.swift",
      "kind": "StringLiteral",
      "offset": 565,
      "length": 6,
      "value": "\"saID\""
    },
    {
      "filePath": "\/Users\/runner\/work\/audience-network-ios\/audience-network-ios\/main\/Modules\/_LinkedinAudienceNetworkExperimentationInternal\/Models\/BrandLiftTestImpression.swift",
      "kind": "StringLiteral",
      "offset": 601,
      "length": 8,
      "value": "\"survey\""
    },
    {
      "filePath": "\/Users\/runner\/work\/audience-network-ios\/audience-network-ios\/main\/Modules\/_LinkedinAudienceNetworkExperimentationInternal\/Models\/BrandLiftTestImpression.swift",
      "kind": "StringLiteral",
      "offset": 523,
      "length": 7,
      "value": "\"bltID\""
    },
    {
      "filePath": "\/Users\/runner\/work\/audience-network-ios\/audience-network-ios\/main\/Modules\/_LinkedinAudienceNetworkExperimentationInternal\/Models\/BrandLiftTestImpression.swift",
      "kind": "StringLiteral",
      "offset": 565,
      "length": 6,
      "value": "\"saID\""
    },
    {
      "filePath": "\/Users\/runner\/work\/audience-network-ios\/audience-network-ios\/main\/Modules\/_LinkedinAudienceNetworkExperimentationInternal\/Models\/BrandLiftTestImpression.swift",
      "kind": "StringLiteral",
      "offset": 601,
      "length": 8,
      "value": "\"survey\""
    }
  ]
}